{"cameraMode":{"drawMode":0,"name":"Shaded","section":"Shading Mode"},"sceneLighting":true,"audioPlay":false,"sceneViewState":{"m_AlwaysRefresh":false,"showFog":true,"showSkybox":true,"showFlares":true,"showImageEffects":true,"showParticleSystems":true,"showVisualEffectGraphs":true,"m_FxEnabled":true},"in2DMode":false,"pivot":{"x":0.5930391550064087,"y":7.471715927124023,"z":7.81003475189209},"rotation":{"x":0.011955983005464077,"y":0.014103656634688378,"z":-0.00016819917073007673,"w":0.9998361468315125},"size":8.73509407043457,"orthographic":false}