{"cameraMode":{"drawMode":0,"name":"Shaded","section":"Shading Mode"},"sceneLighting":true,"audioPlay":false,"sceneViewState":{"m_AlwaysRefresh":false,"showFog":true,"showSkybox":true,"showFlares":true,"showImageEffects":true,"showParticleSystems":true,"showVisualEffectGraphs":true,"m_FxEnabled":true},"in2DMode":false,"pivot":{"x":-0.15874750912189485,"y":6.92806339263916,"z":2.438357353210449},"rotation":{"x":0.15272454917430879,"y":0.22928769886493684,"z":-0.03680037707090378,"w":0.9606043696403503},"size":5.789201259613037,"orthographic":false}