{"cameraMode":{"drawMode":0,"name":"Shaded","section":"Shading Mode"},"sceneLighting":false,"audioPlay":false,"sceneViewState":{"m_AlwaysRefresh":false,"showFog":true,"showSkybox":false,"showFlares":true,"showImageEffects":true,"showParticleSystems":true,"showVisualEffectGraphs":true,"m_FxEnabled":true},"in2DMode":false,"pivot":{"x":-1.173309326171875,"y":0.07999097555875778,"z":11.477225303649903},"rotation":{"x":-0.0003095118736382574,"y":0.03209148347377777,"z":-0.000012042983144056052,"w":-0.9994736909866333},"size":19.256847381591798,"orthographic":false}